{"cameraMode":{"drawMode":0,"name":"Shaded","section":"Shading Mode"},"sceneLighting":true,"audioPlay":false,"sceneViewState":{"m_AlwaysRefresh":false,"showFog":true,"showSkybox":true,"showFlares":true,"showImageEffects":true,"showParticleSystems":true,"showVisualEffectGraphs":true,"m_FxEnabled":true},"in2DMode":false,"pivot":{"x":2.550352096557617,"y":0.9327539205551148,"z":11.127059936523438},"rotation":{"x":-0.060769982635974887,"y":-0.1494751125574112,"z":0.009229320101439953,"w":-0.9869344234466553},"size":2.092419385910034,"orthographic":false}