{"cameraMode":{"drawMode":0,"name":"Shaded","section":"Shading Mode"},"sceneLighting":false,"audioPlay":false,"sceneViewState":{"m_AlwaysRefresh":false,"showFog":true,"showSkybox":false,"showFlares":true,"showImageEffects":true,"showParticleSystems":true,"showVisualEffectGraphs":true,"m_FxEnabled":true},"in2DMode":false,"pivot":{"x":-0.31498798727989199,"y":-6.354292392730713,"z":11.356134414672852},"rotation":{"x":0.29833781719207766,"y":0.01717795990407467,"z":-0.005367672070860863,"w":0.9542970657348633},"size":10.622469902038575,"orthographic":false}