{"cameraMode":{"drawMode":0,"name":"Shaded","section":"Shading Mode"},"sceneLighting":false,"audioPlay":false,"sceneViewState":{"m_AlwaysRefresh":false,"showFog":true,"showSkybox":false,"showFlares":true,"showImageEffects":true,"showParticleSystems":true,"showVisualEffectGraphs":true,"m_FxEnabled":true},"in2DMode":false,"pivot":{"x":0.2731962203979492,"y":0.2379310578107834,"z":1.4198476076126099},"rotation":{"x":0.06428195536136627,"y":0.12188179045915604,"z":-0.007883628830313683,"w":0.9904509782791138},"size":1.8396313190460206,"orthographic":false}